<?xml version="1.0" encoding="UTF-8"?>
<project-private xmlns="http://www.netbeans.org/ns/project-private/1">
    <editor-bookmarks xmlns="http://www.netbeans.org/ns/editor-bookmarks/2" lastBookmarkId="0"/>
    <open-files xmlns="http://www.netbeans.org/ns/projectui-open-files/2">
        <group>
            <file>file:/C:/Users/valer/OneDrive/Desktop/Java/DipendentiProgetto/src/Dipendente.java</file>
            <file>file:/C:/Users/valer/OneDrive/Desktop/Java/DipendentiProgetto/src/TeamManager.java</file>
            <file>file:/C:/Users/valer/OneDrive/Desktop/Java/DipendentiProgetto/src/Analista.java</file>
            <file>file:/C:/Users/valer/OneDrive/Desktop/Java/DipendentiProgetto/src/Progettista.java</file>
            <file>file:/C:/Users/valer/OneDrive/Desktop/Java/DipendentiProgetto/src/Programmatore.java</file>
            <file>file:/C:/Users/valer/OneDrive/Desktop/Java/DipendentiProgetto/src/Tester.java</file>
            <file>file:/C:/Users/valer/OneDrive/Desktop/Java/DipendentiProgetto/src/GaranteDellaQualita.java</file>
            <file>file:/C:/Users/valer/OneDrive/Desktop/Java/DipendentiProgetto/src/Progetto.java</file>
            <file>file:/C:/Users/valer/OneDrive/Desktop/Java/DipendentiProgetto/src/Assegnazione.java</file>
            <file>file:/C:/Users/valer/OneDrive/Desktop/Java/DipendentiProgetto/src/Storico.java</file>
            <file>file:/C:/Users/valer/OneDrive/Desktop/Java/DipendentiProgetto/src/Main.java</file>
        </group>
    </open-files>
</project-private>
